<?xml version="1.0" encoding="UTF-8"?>
<CONFIG>
  <CompilerOptions>
    <Version Value="11"/>
    <PathDelim Value="\"/>
    <Target>
      <Filename Value="Calculator"/>
    </Target>
    <SearchPaths>
      <IncludeFiles Value="$(ProjOutDir)"/>
      <UnitOutputDirectory Value="lib\$(TargetCPU)-$(TargetOS)"/>
    </SearchPaths>
    <CodeGeneration>
      <Optimizations>
        <OptimizationLevel Value="3"/>
      </Optimizations>
      <SmallerCode Value="True"/>
    </CodeGeneration>
    <Linking>
      <Debugging>
        <GenerateDebugInfo Value="False"/>
        <DebugInfoType Value="dsDwarf2Set"/>
        <StripSymbols Value="True"/>
      </Debugging>
      <Options>
        <Win32>
          <GraphicApplication Value="True"/>
        </Win32>
      </Options>
    </Linking>
  </CompilerOptions>
</CONFIG>
